{"stats":{"minecraft:dropped":{"minecraft:enchanted_book":1,"minecraft:birch_planks":10,"minecraft:granite":20,"minecraft:iron_horse_armor":1,"minecraft:coal":2,"minecraft:flint":1,"minecraft:dirt":9,"minecraft:gray_concrete":2,"minecraft:dispenser":1,"tombstone:grave_key":1,"minecraft:wooden_axe":1,"minecraft:smooth_quartz":1,"tombstone:grave_dust":4,"minecraft:wooden_sword":1,"minecraft:trapped_chest":1,"minecraft:white_wool":2,"minecraft:bone":25,"minecraft:gravel":12,"minecraft:light_gray_concrete":4,"minecraft:pumpkin_seeds":3,"minecraft:spruce_planks":3,"minecraft:oak_sapling":2,"minecraft:chest":1,"minecraft:spruce_slab":7,"minecraft:arrow":4,"minecraft:wooden_pickaxe":1},"minecraft:custom":{"minecraft:mob_kills":44,"minecraft:interact_with_crafting_table":9,"minecraft:leave_game":1,"minecraft:time_since_death":10754,"minecraft:climb_one_cm":27556,"minecraft:sprint_one_cm":245603,"minecraft:walk_one_cm":321627,"minecraft:drop":63,"minecraft:play_time":151519,"minecraft:deaths":18,"minecraft:sneak_time":494,"minecraft:walk_under_water_one_cm":1307,"minecraft:boat_one_cm":34110,"minecraft:jump":1768,"minecraft:walk_on_water_one_cm":14013,"minecraft:total_world_time":151519,"minecraft:interact_with_furnace":1,"minecraft:tune_noteblock":1,"minecraft:sleep_in_bed":2,"minecraft:time_since_rest":7856,"minecraft:damage_taken":6520,"minecraft:trigger_trapped_chest":1,"minecraft:damage_dealt":6491,"minecraft:swim_one_cm":7414,"minecraft:fly_one_cm":249147,"minecraft:open_chest":6,"minecraft:crouch_one_cm":945,"tombstone:undead_killed":15,"minecraft:fall_one_cm":61406,"minecraft:inspect_dispenser":2},"minecraft:killed":{"minecraft:skeleton":13,"minecraft:pig":10,"minecraft:sheep":9,"minecraft:zombie":2,"minecraft:cow":9},"minecraft:broken":{"minecraft:wooden_pickaxe":1,"minecraft:stone_axe":2},"minecraft:crafted":{"minecraft:wooden_sword":1,"minecraft:oak_planks":24,"comforts:sleeping_bag_white":1,"minecraft:birch_boat":1,"minecraft:stone_pickaxe":3,"minecraft:crafting_table":6,"minecraft:wooden_pickaxe":2,"minecraft:birch_planks":32,"minecraft:stone_axe":2,"minecraft:oak_boat":1,"minecraft:stick":20,"minecraft:wooden_axe":1,"minecraft:stone_sword":1,"minecraft:white_bed":1,"minecraft:acacia_planks":16,"minecraft:torch":36},"minecraft:killed_by":{"minecraft:player":1,"undead_revamp2:the_moonflower":2,"minecraft:skeleton":10,"undead_revamp2:thebeartamer":1},"minecraft:picked_up":{"minecraft:crafting_table":6,"minecraft:ladder":2,"minecraft:enchanted_book":4,"tombstone:grave_key":1,"minecraft:string":11,"minecraft:wooden_sword":1,"minecraft:spruce_planks":4,"minecraft:beef":19,"minecraft:oak_boat":5,"minecraft:smooth_quartz":3,"minecraft:spruce_slab":9,"minecraft:chest":1,"minecraft:birch_sapling":5,"minecraft:iron_boots":7,"minecraft:furnace":7,"minecraft:dark_oak_sapling":4,"minecraft:stick":9,"apotheosis:gem":2,"minecraft:torch":75,"minecraft:spruce_stairs":1,"minecraft:porkchop":14,"tombstone:grave_dust":2,"minecraft:iron_horse_armor":2,"minecraft:arrow":27,"minecraft:rotten_flesh":1,"minecraft:saddle":2,"minecraft:gold_ingot":4,"minecraft:mutton":15,"minecraft:white_wool":9,"minecraft:cobblestone":58,"minecraft:birch_log":82,"minecraft:iron_door":2,"minecraft:leather":7,"minecraft:acacia_wood":4,"minecraft:birch_planks":5,"minecraft:filled_map":2,"minecraft:flint":2,"minecraft:oak_log":23,"minecraft:gray_concrete":2,"minecraft:dirt":31,"tombstone:gift":2,"minecraft:bone":35,"minecraft:iron_ingot":34,"minecraft:book":3,"minecraft:gravel":26,"minecraft:white_bed":5,"minecraft:dark_oak_log":102,"minecraft:trapped_chest":2,"mekanism:raw_osmium":7,"minecraft:light_gray_concrete":5,"minecraft:pumpkin_seeds":6,"minecraft:dispenser":1,"minecraft:stone_axe":1,"minecraft:crossbow":2,"minecraft:granite":20,"minecraft:oak_sapling":2,"minecraft:coal":11},"minecraft:mined":{"minecraft:spruce_planks":4,"minecraft:white_bed":5,"minecraft:dark_oak_log":102,"minecraft:ladder":1,"minecraft:granite":21,"minecraft:grass_block":10,"minecraft:spawner":4,"minecraft:black_stained_glass_pane":2,"minecraft:furnace":7,"minecraft:acacia_wood":4,"minecraft:bookshelf":1,"minecraft:vine":1,"minecraft:light_gray_concrete":11,"minecraft:stone":58,"minecraft:white_wool":1,"minecraft:spruce_slab":8,"minecraft:tripwire":1,"mekanism:osmium_ore":7,"minecraft:gray_concrete":2,"minecraft:chiseled_quartz_block":4,"minecraft:crafting_table":5,"minecraft:torch":2,"minecraft:chest":1,"minecraft:cobblestone":1,"minecraft:iron_door":2,"minecraft:wall_torch":2,"minecraft:spruce_stairs":1,"minecraft:trapped_chest":1,"minecraft:birch_log":45,"minecraft:birch_leaves":1,"minecraft:stone_brick_stairs":2,"minecraft:grass":4,"minecraft:coal_ore":16,"minecraft:oak_log":23,"minecraft:gravel":15,"minecraft:dirt":12,"minecraft:smooth_quartz":17,"minecraft:cobweb":1,"minecraft:dispenser":1,"minecraft:oak_leaves":18},"minecraft:used":{"minecraft:stone_sword":98,"minecraft:spruce_slab":2,"minecraft:ladder":2,"minecraft:spruce_planks":1,"minecraft:torch":23,"minecraft:dirt":11,"minecraft:mutton":12,"minecraft:spruce_stairs":1,"minecraft:smooth_quartz":2,"minecraft:beef":8,"tombstone:gift":3,"minecraft:acacia_planks":4,"minecraft:stone_pickaxe":103,"minecraft:wooden_pickaxe":69,"minecraft:birch_boat":1,"minecraft:white_wool":1,"minecraft:crafting_table":8,"minecraft:white_bed":5,"minecraft:light_gray_concrete":1,"minecraft:gravel":2,"minecraft:iron_door":2,"minecraft:stone_axe":240,"minecraft:wooden_sword":16,"minecraft:cobblestone":28,"minecraft:porkchop":14,"minecraft:oak_boat":5}},"DataVersion":3465}