{"stats":{"minecraft:dropped":{"minecraft:spruce_sign":2,"minecraft:wheat_seeds":4,"minecraft:crafting_table":2,"minecraft:cobblestone":4,"minecraft:feather":4,"minecraft:dark_prismarine_slab":1,"minecraft:spruce_stairs":2,"minecraft:dark_oak_log":1,"travelersbackpack:blank_upgrade":6,"minecraft:chain":1,"minecraft:bone":1,"minecraft:stone_axe":2,"minecraft:cobblestone_wall":21,"minecraft:birch_sapling":5,"minecraft:soul_lantern":1,"minecraft:chicken":1,"minecraft:rotten_flesh":7,"minecraft:lily_of_the_valley":1,"minecraft:flower_pot":3,"minecraft:peony":1,"minecraft:stone_brick_wall":1,"minecraft:oak_sapling":4,"minecraft:sandstone":5,"minecraft:iron_bars":3,"minecraft:stone_pickaxe":1,"minecraft:wooden_pickaxe":1,"minecraft:stone_brick_stairs":7,"minecraft:dark_prismarine":1,"minecraft:black_wool":2},"minecraft:custom":{"minecraft:mob_kills":98,"minecraft:interact_with_crafting_table":48,"minecraft:open_barrel":2,"minecraft:leave_game":1,"minecraft:time_since_death":8438,"minecraft:sprint_one_cm":332921,"minecraft:walk_one_cm":140051,"minecraft:drop":36,"minecraft:play_time":164821,"minecraft:deaths":8,"minecraft:sneak_time":2166,"minecraft:walk_under_water_one_cm":9748,"minecraft:boat_one_cm":52350,"minecraft:jump":1687,"minecraft:walk_on_water_one_cm":22645,"minecraft:total_world_time":164821,"minecraft:interact_with_furnace":44,"minecraft:sleep_in_bed":7,"minecraft:time_since_rest":7856,"minecraft:damage_taken":2980,"minecraft:trigger_trapped_chest":1,"minecraft:damage_dealt":11005,"minecraft:player_kills":1,"minecraft:swim_one_cm":40615,"minecraft:fly_one_cm":305710,"minecraft:open_chest":27,"minecraft:crouch_one_cm":3610,"tombstone:undead_killed":10,"minecraft:fall_one_cm":35486},"minecraft:killed":{"minecraft:spider":4,"undead_revamp2:theswarmer":3,"minecraft:skeleton":2,"minecraft:chicken":2,"minecraft:drowned":1,"minecraft:pig":15,"undead_revamp2:the_moonflower":2,"minecraft:sheep":44,"minecraft:zombie":2,"minecraft:cow":23},"minecraft:broken":{"minecraft:stone_axe":1},"minecraft:crafted":{"minecraft:oak_planks":44,"minecraft:stone_shovel":1,"minecraft:furnace":2,"travelersbackpack:blank_upgrade":4,"minecraft:cooked_mutton":6,"minecraft:glass":36,"minecraft:iron_axe":1,"minecraft:stone_pickaxe":2,"minecraft:chest":4,"minecraft:dark_oak_planks":132,"minecraft:cooked_beef":5,"travelersbackpack:iron_tier_upgrade":1,"minecraft:cooked_porkchop":21,"minecraft:crafting_table":5,"travelersbackpack:backpack_tank":6,"minecraft:wooden_pickaxe":2,"travelersbackpack:brown_sleeping_bag":1,"travelersbackpack:standard":2,"minecraft:iron_sword":1,"minecraft:smithing_table":1,"travelersbackpack:black_sleeping_bag":1,"minecraft:bucket":1,"minecraft:birch_planks":36,"minecraft:stone_axe":3,"minecraft:air":0,"minecraft:oak_boat":1,"comforts:sleeping_bag_gray":1,"minecraft:stick":20,"minecraft:iron_ingot":27,"minecraft:iron_pickaxe":1,"minecraft:wooden_axe":1,"minecraft:stone_sword":1,"minecraft:white_bed":2},"minecraft:killed_by":{"minecraft:creeper":1,"undead_revamp2:theswarmer":3,"minecraft:zombie":1},"minecraft:picked_up":{"minecraft:crafting_table":8,"minecraft:coarse_dirt":4,"minecraft:chicken":2,"minecraft:flower_pot":3,"minecraft:wooden_pickaxe":1,"minecraft:stone_brick_wall":1,"minecraft:chain":1,"minecraft:string":3,"minecraft:spruce_planks":2,"minecraft:beef":58,"minecraft:oak_boat":2,"minecraft:iron_pickaxe":1,"minecraft:spruce_slab":2,"minecraft:sugar_cane":46,"minecraft:chest":1,"minecraft:birch_sapling":5,"minecraft:iron_boots":1,"minecraft:furnace":4,"minecraft:dark_oak_sapling":2,"minecraft:stick":15,"minecraft:sandstone":30,"apotheosis:gem":6,"minecraft:spruce_stairs":2,"minecraft:porkchop":41,"minecraft:dark_oak_planks":1,"minecraft:rotten_flesh":8,"minecraft:peony":1,"minecraft:iron_block":3,"minecraft:mutton":64,"minecraft:iron_bars":1,"minecraft:white_wool":35,"minecraft:cobblestone":42,"minecraft:birch_log":22,"minecraft:feather":4,"minecraft:cooked_beef":1,"minecraft:brown_wool":3,"minecraft:leather":25,"minecraft:tuff":1,"minecraft:oak_log":18,"minecraft:gunpowder":1,"minecraft:cobblestone_wall":10,"minecraft:dirt":68,"minecraft:bone":2,"undead_revamp2:blacpetalblock":2,"minecraft:apple":1,"minecraft:stone_bricks":28,"minecraft:wheat_seeds":4,"comforts:sleeping_bag_gray":2,"travelersbackpack:blank_upgrade":6,"minecraft:book":6,"minecraft:sand":61,"minecraft:white_bed":3,"minecraft:lily_of_the_valley":1,"minecraft:dark_oak_log":34,"minecraft:spider_eye":2,"minecraft:dark_prismarine":1,"travelersbackpack:standard":1,"minecraft:dark_prismarine_slab":2,"minecraft:soul_lantern":1,"minecraft:gray_wool":5,"minecraft:spruce_sign":2,"minecraft:oak_sapling":4,"minecraft:black_wool":4},"minecraft:mined":{"minecraft:dark_oak_planks":1,"minecraft:dark_prismarine":1,"minecraft:tuff":1,"minecraft:white_bed":2,"minecraft:dark_oak_leaves":1,"minecraft:dark_oak_log":33,"minecraft:grass_block":20,"minecraft:sandstone":30,"minecraft:furnace":4,"minecraft:peony":1,"minecraft:stone":51,"minecraft:iron_block":3,"travelersbackpack:standard":1,"minecraft:crafting_table":8,"minecraft:chest":1,"minecraft:tall_grass":5,"minecraft:spruce_stairs":1,"minecraft:seagrass":1,"minecraft:coarse_dirt":12,"minecraft:birch_log":22,"minecraft:dark_prismarine_slab":1,"minecraft:grass":24,"minecraft:oak_log":16,"minecraft:dirt":39,"minecraft:sand":61,"minecraft:stone_bricks":10,"minecraft:oak_leaves":12,"minecraft:infested_stone":1},"minecraft:used":{"minecraft:stone_sword":97,"minecraft:stone_shovel":43,"minecraft:chest":2,"minecraft:cooked_salmon":3,"minecraft:dirt":61,"minecraft:tuff":1,"minecraft:dark_oak_planks":30,"minecraft:stone_bricks":13,"minecraft:furnace":6,"tombstone:gift":4,"minecraft:cooked_beef":6,"minecraft:cooked_mutton":3,"minecraft:stone_pickaxe":103,"minecraft:wooden_pickaxe":64,"minecraft:sand":6,"minecraft:crafting_table":12,"minecraft:white_bed":3,"minecraft:apple":1,"minecraft:chicken":1,"comforts:sleeping_bag_gray":1,"minecraft:stone_axe":228,"minecraft:cobblestone":25,"travelersbackpack:standard":7,"minecraft:cooked_porkchop":3,"minecraft:bucket":3,"minecraft:oak_boat":2}},"DataVersion":3465}